form	lemma_def	pos	src_mot
Abailarz	Abélard	NOMpro	
Abbeville	Abbeville	NOMpro	
Ábelá	Abela	NOMpro	
Ábelá	Abella	NOMpro	
Abeville	Abbeville	NOMpro	
Absallont	Absalon	NOMpro	
Absalón	Absalon	NOMpro	
Aceste	Aceste	NOMpro	
Acestes	Aceste	NOMpro	
Achillés	Achille	NOMpro	
Achís	Achis	NOMpro	
Acquitaine	Aquitaine	NOMpro	
Acy	Acy	NOMpro	
Adonías	Adonias	NOMpro	
Adónie	Adonie	NOMpro	
Adonys	Adonis	NOMpro	
Adonys	Adonie	NOMpro	
Adrian	Adrien	NOMpro	
Afsibá	Aquiba	NOMpro	
Afsibá	Assia	NOMpro	
Agen	Agen	NOMpro	
Agenois	Agenais	NOMpro	
Agenoiz	Agenais	NOMpro	
Agenor	Agenor	NOMpro	
Agincort	Azincourt	NOMpro	
Agincourt	Azincourt	NOMpro	
Agneis	Agnès	NOMpro	
Agnés	Agnès	NOMpro	
Ái	Ay	NOMpro	
Aigny	Aigny	NOMpro	
Aiguemorte	Aigues-Mortes	NOMpro	
Aimery	Aimery	NOMpro	
Ainel	Ainel	NOMpro	
Aingleterre	Angleterre	NOMpro	
Aixe	Aixe	NOMpro	
Alain	Alain	NOMpro	
Alars	Alard	NOMpro	
Albanie	Albanie	NOMpro	
Albin	Albin	NOMpro	
Albins	Albin	NOMpro	
Albion	Albion	NOMpro	
Albret	Albret	NOMpro	
Aldeberd	Aldebert	NOMpro	
Aldebert	Aldebert	NOMpro	
Alebret	Alebret	NOMpro	
Alecxi	Alexis	NOMpro	
Alemaygne	Allemagne	NOMpro	
Alençon	Alençon	NOMpro	
Alexandre	Alexandre	NOMpro	
Alexandrie	Alexandrie	NOMpro	
Alexe	Alex	NOMpro	
Alexes	Alex	NOMpro	
Alfrike	Afrique	NOMpro	
Alixendre	Alexandre	NOMpro	
Alni	Alni	NOMpro	
Amana	Amana	NOMpro	
Ámasiá	Amasia	NOMpro	
Ámasiá	Amazia	NOMpro	
Amasonie	Amazonie	NOMpro	
Amauri	Amauri	NOMpro	
Amboise	Amboise	NOMpro	
Amboyse	Amboise	NOMpro	
Ambrose	Ambroise	NOMpro	
Amiles	Amile	NOMpro	
Aminois	Aminois	NOMpro	
Amón	Amon	NOMpro	
Amphiaras	Amphiaras	NOMpro	
Amyens	Amiens	NOMpro	
Ananie	Ananie	NOMpro	
Anastaise	Anastaise	NOMpro	
Anastaises	Anastaise	NOMpro	
Anastaises	Anastaize	NOMpro	
Anastaises	Anastase	NOMpro	
Anchisés	Anchise	NOMpro	
Andremite	Andremite	NOMpro	
Andreu	André	NOMpro	
Andri	Andri	NOMpro	
Andrieu	Andrieu	NOMpro	
Andriex	Andrieu	NOMpro	
Andrius	Andrieux	NOMpro	
Andrius	Andrieu	NOMpro	
Andromes	Androme	NOMpro	
Angiers	Angers	NOMpro	
Angletere	Angleterre	NOMpro	
Angliterre	Angleterre	NOMpro	
Angou	Anjou	NOMpro	
Anguerran	Angerran	NOMpro	
Anguerran	Engueran	NOMpro	
Anguerran	Enguerran	NOMpro	
Anguerran	Enguerrand	NOMpro	
Anguien	Anguien	NOMpro	
Ansealme	Anseaume	NOMpro	
Ansealme	Anselme	NOMpro	
Ansealme	Ancelme	NOMpro	
Ansealme	Anciaume	NOMpro	
Anthioce	Antioche	NOMpro	
Anthioche	Antioche	NOMpro	
Anthoine	Antoine	NOMpro	
Anthony	Anthony	NOMpro	
Anthyoche	Antioche	NOMpro	
Antióche	Antioche	NOMpro	
Antiocus	Antiochus	NOMpro	
Anton	Anton	NOMpro	
Appollo	Apollon	NOMpro	
Aquariüs	Aquarius	NOMpro	
Aquin	Aquin	NOMpro	
Aran	Aran	NOMpro	
Arbi	Albi	NOMpro	
Arbi	Alby	NOMpro	
Arbi	Erbil	NOMpro	
Archeldemach	Ascheldamah	NOMpro	
Ardenne	Ardenne	NOMpro	
Ardenne	Ardennes	NOMpro	
Arie	Arie	NOMpro	
Aristote	Aristote	NOMpro	
Aristotes	Aristote	NOMpro	
Arlon	Arlon	NOMpro	
Armignac	Armagnac	NOMpro	
Armignach	Armagnac	NOMpro	
Armoriche	Armorique	NOMpro	
Armygnac	Armagnac	NOMpro	
Arnault	Arnaud	NOMpro	
Arraz	Arras	NOMpro	
Arthur	Arthur	NOMpro	
Artoys	Artois	NOMpro	
Asael	Asael	NOMpro	
Asáél	Asael	NOMpro	
Asáél	Azael	NOMpro	
Asahel	Asael	NOMpro	
Asahel	Azael	NOMpro	
Asáph	Asaph	NOMpro	
Ascalone	Ascalone	NOMpro	
Ascanïus	Ascagne	NOMpro	
Aschil	Aschil	NOMpro	
Ascoli	Ascoli	NOMpro	
Asie	Asie	NOMpro	
Asincourt	Azincourt	NOMpro	
Asincourt	Asincourt	NOMpro	
Ásís	Aix	NOMpro	
Asór	Asor	NOMpro	
Assírie	Assyrie	NOMpro	
Atalíe	Athalie	NOMpro	
Athalie	Athalie	NOMpro	
Athalíe	Athalie	NOMpro	
Atthenes	Athènes	NOMpro	
Auberville	Auberville	NOMpro	
Auberville	Barville	NOMpro	
Auberville	Verville	NOMpro	
Aucerre	Auxerre	NOMpro	
Aucerrois	Auxerrois	NOMpro	
Audoen	Ouen	NOMpro	
Audulf	Andulf	NOMpro	
Audulf	Otulf	NOMpro	
Auffricque	Afrique	NOMpro	
Auffrique	Afrique	NOMpro	
Aurelius	Aurelius	NOMpro	
Aurora	Aurora	NOMpro	
Aussay	Ausay	NOMpro	
Austrie	Austrie	NOMpro	
Auxonne	Auxonne	NOMpro	
Avalun	Avalon	NOMpro	
Aventinus	Aventinus	NOMpro	
Avicenne	Avicenne	NOMpro	
Azarías	Azarias	NOMpro	
Azariás	Azarias	NOMpro	
Azarie	Azarie	NOMpro	
Azaríe	Azarie	NOMpro	
Babillone	Babylone	NOMpro	
Babilone	Babylone	NOMpro	
Babilónie	Babylonie	NOMpro	
Babiloyne	Babylone	NOMpro	
Babyloine	Babylone	NOMpro	
Babylonie	Babylonie	NOMpro	
Bagot	Bagot	NOMpro	
Bahaigne	Behaigne	NOMpro	
Baionne	Bayonne	NOMpro	
Baladan	Baladan	NOMpro	
Balaham	Balaam	NOMpro	
Balaham	Balaan	NOMpro	
Balan	Balaam	NOMpro	
Balluc	Balluc	NOMpro	
Baltalt	Bathilde	NOMpro	
Barbeflué	Barfleur	NOMpro	
Barnabé	Barnabé	NOMpro	
Barthelemi	Barthelemi	NOMpro	
Barthelemi	Barthélémy	NOMpro	
Bartholomee	Bartholomé	NOMpro	
Bartholomer	Bartholomé	NOMpro	
Bartholomeu	Bartholomé	NOMpro	
Baruth	Beyrouth	NOMpro	
Bassee	Bassée	NOMpro	
Baudoïn	Baudouin	NOMpro	
Baudricourt	Baudricourt	NOMpro	
Baudrin	Baudrain	NOMpro	
Bauduin	Baudouin	NOMpro	
Bauduins	Baudouin	NOMpro	
Baufremont	Baufremont	NOMpro	
Bayone	Bayonne	NOMpro	
Bayonne	Bayonne	NOMpro	
Beaufort	Beaufort	NOMpro	
Beaugieu	Beaujeu	NOMpro	
Beaujeu	Beaujeu	NOMpro	
Beaujeulaiz	Beaujolais	NOMpro	
Beaumanoir	Beaumanoir	NOMpro	
Beaune	Beaune	NOMpro	
Beausse	Beauce	NOMpro	
Beauvais	Beauvais	NOMpro	
Beauval	Beauval	NOMpro	
Beauvés	Beauvais	NOMpro	
Beauvez	Beauvais	NOMpro	
Beauvoir	Beauvoir	NOMpro	
Beauvoisins	Beauvoisin	NOMpro	
Becket	Becket	NOMpro	
Belleville	Belleville	NOMpro	
Benedic	Benedic	NOMpro	
Berard	Berard	NOMpro	
Berich	Berich	NOMpro	
Bernars	Bernard	NOMpro	
Berry	Berry	NOMpro	
Berthe	Berthe	NOMpro	
Berthelemi	Barthélémy	NOMpro	
Bertrand	Bertrand	NOMpro	
Bertrans	Bertrand	NOMpro	
Besançon	Besançon	NOMpro	
Besanson	Besançon	NOMpro	
Besgue	Besgue	NOMpro	
Bethanie	Béthanie	NOMpro	
Bethél	Bethél	NOMpro	
Bethfort	Betford	NOMpro	
Bethfort	Bedfort	NOMpro	
Bethleant	Béthléem	NOMpro	
Béthune	Béthune	NOMpro	
Biauvais	Beauvais	NOMpro	
Bigorre	Bigorre	NOMpro	
Biscaye	Biscay	NOMpro	
Biscaye	Biscaye	NOMpro	
Bithynie	Bithynie	NOMpro	
Bizet	Bizet	NOMpro	
Blainville	Blainville	NOMpro	
Blaivies	Blaivies	NOMpro	
Blanchandrins	Blancandrin	NOMpro	
Blanchefort	Blanchefort	NOMpro	
Blanchevile	Blanchevile	NOMpro	
Blanmont	Blamont	NOMpro	
Blanville	Blainville	NOMpro	
Blanville	Blanville	NOMpro	
Blaunchevile	Blaunchevile	NOMpro	
Blaye	Blaye	NOMpro	
Bloyez	Blois	NOMpro	
Boccus	Bocus	NOMpro	
Boece	Boece	NOMpro	
Boëce	Boece	NOMpro	
Boeces	Boece	NOMpro	
Boóz	Booz	NOMpro	
Borbon	Bourbon	NOMpro	
Bordeaux	Bordeaux	NOMpro	
Bordiax	Bordeaux	NOMpro	
Borgoingne	Bourgogne	NOMpro	
Bormont	Vourmont	NOMpro	
Bormont	Baumont	NOMpro	
Bornonville	Bournonville	NOMpro	
Bornonville	Bornonville	NOMpro	
Bouchars	Bouchart	NOMpro	
Bouchart	Bouchard	NOMpro	
Bouciquault	Boucicault	NOMpro	
Bouciquault	Boucicaut	NOMpro	
Bouciquaut	Boucicaut	NOMpro	
Bouloigne	Boulogne	NOMpro	
Bourbon	Bourbon	NOMpro	
Bourdeaulx	Bordeaux	NOMpro	
Bourges	Bourges	NOMpro	
Bourgez	Bourges	NOMpro	
Bourgoigne	Bourgogne	NOMpro	
Bourgoingne	Bourgogne	NOMpro	
Bourgongne	Bourgogne	NOMpro	
Bourgougne	Bourgogne	NOMpro	
Bourgougne	Bourgougne	NOMpro	
Braban	Braban	NOMpro	
Braban	Brabant	NOMpro	
Braiban	Brabant	NOMpro	
Braibant	Brabant	NOMpro	
Breban	Brabant	NOMpro	
Breszé	Brézé	NOMpro	
Bretaine	Bretagne	NOMpro	
Bretaygne	Bretagne	NOMpro	
Breteigne	Bretagne	NOMpro	
Bretigny	Brétigny	NOMpro	
Brezé	Brézé	NOMpro	
Brice	Brice	NOMpro	
Brien	Brian	NOMpro	
Briens	Brian	NOMpro	
Brienz	Brian	NOMpro	
Briou	Briou	NOMpro	
Bruti	Brutus	NOMpro	
Brutus	Brutus	NOMpro	
Bueil	Bueil	NOMpro	
Bueves	Bueves	NOMpro	
Buevon	Buevon	NOMpro	
Buluine	Boulogne	NOMpro	
Burdeles	Bordeaux	NOMpro	
Burguine	Bourgogne	NOMpro	
Bussy	Bussy	NOMpro	
Cabrieres	Cabrieres	NOMpro	
Cadillac	Cadillac	NOMpro	
Cadmus	Cadmus	NOMpro	
Cador	Cador	NOMpro	
Cadwan	Cadwan	NOMpro	
Caen	Caen	NOMpro	
Caffa	Caffa	NOMpro	
Cahors	Cahors	NOMpro	
Caïn	Caïn	NOMpro	
Caïns	Caïn	NOMpro	
Caire	Caire	NOMpro	
Cäïus	Caïus	NOMpro	
Cäïus	Gaïus	NOMpro	
Cäïus	Caius	NOMpro	
Calais	Calais	NOMpro	
Calays	Calais	NOMpro	
Calleville	Charleville	NOMpro	
Calleville	Calleville	NOMpro	
Cambray	Cambrai	NOMpro	
Cambresis	Cambresis	NOMpro	
Cambrésis	Cambrésis	NOMpro	
Camille	Camille	NOMpro	
Campanie	Campanie	NOMpro	
Campobache	Campobache	NOMpro	
Canaan	Canaan	NOMpro	
Cananee	Cananee	NOMpro	
Canteleu	Canteloup	NOMpro	
Canterbers	Canterbury	NOMpro	
Caours	Cahors	NOMpro	
Cappella	Cappella	NOMpro	
Carcassonne	Carcassonne	NOMpro	
Cardonne	Cardonne	NOMpro	
Caro	Caro	NOMpro	
Caron	Caron	NOMpro	
Carvele	Calveley	NOMpro	
Casibus	Casibus	NOMpro	
Castelle	Castille	NOMpro	
Castille	Castille	NOMpro	
Catellus	Catellus	NOMpro	
Caterine	Catherine	NOMpro	
Cathon	Cathon	NOMpro	
Caunterbery	Canterbury	NOMpro	
Caunterbury	Canterbury	NOMpro	
Caunterbury	Canterburi	NOMpro	
Cayn	Caïn	NOMpro	
Caÿn	Caïn	NOMpro	
Cea	Cea	NOMpro	
Cecile	Cécile	NOMpro	
Cecile	Sicile	NOMpro	
Cecille	Cécile	NOMpro	
Cedron	Cédron	NOMpro	
Cedrón	Cédron	NOMpro	
Celssus	Celsus	NOMpro	
Cephas	Cephas	NOMpro	
Cesille	Sicile	NOMpro	
Chaalons	Châlons	NOMpro	
Chador	Cador	NOMpro	
Chaingny	Gagny	NOMpro	
Chalon	Châlons	NOMpro	
Champangne	Champagne	NOMpro	
Chanáán	Canaam	NOMpro	
Chanáán	Chanaan	NOMpro	
Chanville	Chanville	NOMpro	
Chanville	Janville	NOMpro	
Chanville	Gauville	NOMpro	
Chardin	Chardin	NOMpro	
Charente	Charente	NOMpro	
Charenton	Charenton	NOMpro	
Charlemaine	Charlemagne	NOMpro	
Charlemainne	Charlemagne	NOMpro	
Charlon	Charles	NOMpro	
Charrolois	Charolais	NOMpro	
Charroloys	Charolais	NOMpro	
Chastaé	Chastaé	NOMpro	
Chastelguyon	Châtel-Guyon	NOMpro	
Chastellet	Châtelet	NOMpro	
Chastillon	Châtillon	NOMpro	
Chaulmont	Chaumont	NOMpro	
Chaumont	Chaumont	NOMpro	
Chauvigny	Chavigny	NOMpro	
Chauvigny	Chavigni	NOMpro	
Chauvigny	Sauvigny	NOMpro	
Chierebourg	Cherbourg	NOMpro	
Childebert	Childebert	NOMpro	
Childeric	Childéric	NOMpro	
Childerich	Childéric	NOMpro	
Chinoneis	Chinonais	NOMpro	
Chippre	Chypre	NOMpro	
Chipre	Chypre	NOMpro	
Chistiax	Cîteau	NOMpro	
Chrestian	Christian	NOMpro	
Christi	Christ	NOMpro	
Christi	Christus	NOMpro	
Christofle	Christofle	NOMpro	
Christum	Christum	NOMpro	
Christus	Christ	NOMpro	
Christus	Christus	NOMpro	
Chyne	Chine	NOMpro	
Chynon	Chinon	NOMpro	
Ciceron	Ciréron	NOMpro	
Cingïus	Quincius	NOMpro	
Cingïus	Cinglius	NOMpro	
Ciprian	Ciprian	NOMpro	
Ciricourt	Ciricourt	NOMpro	
Ciricourt	Sericourt	NOMpro	
Cistiaux	Cîteau	NOMpro	
Citheron	Citheron	NOMpro	
Citheron	Cythéron	NOMpro	
Cix	Cix	NOMpro	
Clamecy	Clamecy	NOMpro	
Clarance	Clarence	NOMpro	
Clarance	Clairange	NOMpro	
Clarence	Clarence	NOMpro	
Clarence	Glarentza	NOMpro	
Clarice	Clarice	NOMpro	
Claudian	Claudian	NOMpro	
Claudin	Claudin	NOMpro	
Clery	Clery	NOMpro	
Clèves	Clèves	NOMpro	
Cliçon	Clisson	NOMpro	
Climent	Clément	NOMpro	
Clocestre	Glocestre	NOMpro	
Clode	Claude	NOMpro	
Clodoveu	Clovis	NOMpro	
Clodovius	Clovis	NOMpro	
Clotaire	Clotaire	NOMpro	
Clotaires	Clotaire	NOMpro	
Clotilde	Clotilde	NOMpro	
Clovys	Clovis	NOMpro	
Cluny	Cluny	NOMpro	
Codrus	Codrus	NOMpro	
Cognac	Cognac	NOMpro	
Colard	Colard	NOMpro	
Colongne	Cologne	NOMpro	
Colongne	Colongne	NOMpro	
Comminges	Commines	NOMpro	
Comminges	Comminges	NOMpro	
Commynges	Commines	NOMpro	
Compiengne	Compiègne	NOMpro	
Conach	Conac	NOMpro	
Conach	Aix	NOMpro	
Conach	Connac	NOMpro	
Conflans	Conflans	NOMpro	
Constantinoble	Constantinople	NOMpro	
Constantins	Constantin	NOMpro	
Constantius	Constantius	NOMpro	
Conti	Conti	NOMpro	
Corbueil	Corbeil	NOMpro	
Corfo	Corfou	NOMpro	
Corinte	Corinthe	NOMpro	
Cornuaille	Cornouaille	NOMpro	
Costantinople	Costantinople	NOMpro	
Cotigni	Coigni	NOMpro	
Cotta	Cotta	NOMpro	
Couchi	Coucy	NOMpro	
Couci	Coucy	NOMpro	
Coucy	Coucy	NOMpro	
Coulongne	Cologne	NOMpro	
Courtrai	Courtray	NOMpro	
Courtray	Courtray	NOMpro	
Coustances	Coutances	NOMpro	
Coustantinoble	Constantinople	NOMpro	
Coustentin	Constantin	NOMpro	
Coustentin	Cotentin	NOMpro	
Coustentin	Coutentin	NOMpro	
Coustentinoble	Constantinople	NOMpro	
Coustentins	Constantin	NOMpro	
Coustentins	Cotentin	NOMpro	
Coustentins	Coutentin	NOMpro	
Craon	Craon	NOMpro	
Creil	Creil	NOMpro	
Creüsa	Créuse	NOMpro	
Cumes	Cumes	NOMpro	
Cunan	Conan	NOMpro	
Cupido	Cupidon	NOMpro	
Curcius	Curtius	NOMpro	
Cyprian	Cyprien	NOMpro	
Cytheron	Cythéron	NOMpro	
Dagonbert	Dagobert	NOMpro	
Dagoubert	Dagobert	NOMpro	
Dallida	Dalida	NOMpro	
Dalphiné	Dauphiné	NOMpro	
Damien	Damien	NOMpro	
Damiete	Damiette	NOMpro	
Damiette	Damiette	NOMpro	
Dampierre	Dampierre	NOMpro	
Daneys	Danois	NOMpro	
Dangobert	Dagobert	NOMpro	
Danpiere	Dompaire	NOMpro	
Dardanus	Dardanus	NOMpro	
Dauid	David	NOMpro	
Davít	David	NOMpro	
Decius	Decius	NOMpro	
Deïanira	Deyanira	NOMpro	
Denys	Denis	NOMpro	
Denyse	Denise	NOMpro	
Deodocien	Eudocie	NOMpro	
Dictis	Dictis	NOMpro	
Didascalicon	Didascalicon	NOMpro	
Diepe	Dieppe	NOMpro	
Digon	Dijon	NOMpro	
Dijon	Dijon	NOMpro	
Diomedés	Diomède	NOMpro	
Dominus	Dominus	NOMpro	
Dorothee	Dorothée	NOMpro	
Dorothee	Dorotée	NOMpro	
Dovere	Douvres	NOMpro	
Dreues	Droon	NOMpro	
Duresté	Duresté	NOMpro	
Dydo	Dido	NOMpro	
Dyeppe	Dieppe	NOMpro	
Eadem	Edem	NOMpro	
Eadem	Aden	NOMpro	
Ebbo	Ebbon	NOMpro	
Ebbo	Ebon	NOMpro	
Ector	Hector	NOMpro	
Ecuba	Ecuba	NOMpro	
Edouard	Édouard	NOMpro	
Edouart	Édouard	NOMpro	
Egee	Égée	NOMpro	
Egipte	Égypte	NOMpro	
Eius	Eius	NOMpro	
Elayne	Hélène	NOMpro	
Eleazar	Eleazar	NOMpro	
Eleine	Hélène	NOMpro	
Elenor	Hélénor	NOMpro	
Eleyne	Hélène	NOMpro	
Elíam	Elian	NOMpro	
Eliezer	Eliezer	NOMpro	
Elinas	Elymas	NOMpro	
Elinas	Eli	NOMpro	
Elinas	Helena	NOMpro	
Elinas	Elimnel	NOMpro	
Elissïens	Elysiens	NOMpro	
Elizabeth	Élisabeth	NOMpro	
Eloi	Eloy	NOMpro	
Eloy	Eloy	NOMpro	
Elyachím	Elyachim	NOMpro	
Emath	Emath	NOMpro	
Emáth	Emath	NOMpro	
Emáth	Emat	NOMpro	
Émáth	Emath	NOMpro	
Émáth	Emat	NOMpro	
Emaüs	Emaüs	NOMpro	
Emelyne	Emeline	NOMpro	
Emelyne	Emelie	NOMpro	
Enee	Énée	NOMpro	
Enfrosine	Euphrosine	NOMpro	
Enfrosine	Frosine	NOMpro	
Engerran	Engueran	NOMpro	
Engerran	Enguerran	NOMpro	
Engerran	Enguerrand	NOMpro	
Engerran	Angerran	NOMpro	
Engerrans	Enguerrand	NOMpro	
Engoulesme	Angoulème	NOMpro	
Enguerran	Enguerran	NOMpro	
Ermenie	Arménie	NOMpro	
Ermignach	Armagnac	NOMpro	
Ernald	Arnaud	NOMpro	
Ernald	Arnault	NOMpro	
Ernaud	Arnaud	NOMpro	
Ernulf	Arnulf	NOMpro	
Ernulf	Arnould	NOMpro	
Ernulf	Arnoulf	NOMpro	
Erod	Hérode	NOMpro	
Erode	Hérode	NOMpro	
Escallon	Escalon	NOMpro	
Escalon	Escalon	NOMpro	
Esclavonie	Esclavonie	NOMpro	
Escocë	Écosse	NOMpro	
Esdras	Esdras	NOMpro	
Espaine	Espagne	NOMpro	
Esparnay	Épernay	NOMpro	
Estempes	Étampes	NOMpro	
Estienne	Étienne	NOMpro	
Estouteville	Estouteville	NOMpro	
Esvreux	Évreux	NOMpro	
Etienne	Étienne	NOMpro	
Eugene	Eugène	NOMpro	
Eulalie	Eulalie	NOMpro	
Eüriale	Euriale	NOMpro	
Eüriale	Euryale	NOMpro	
Eurialus	Euryale	NOMpro	
Europpe	Europe	NOMpro	
Eustace	Eustache	NOMpro	
Eustaces	Eustache	NOMpro	
Eustaches	Eustache	NOMpro	
Eustoche	Eustoche	NOMpro	
Evain	Ève	NOMpro	
Evander	Evandre	NOMpro	
Éve	Ève	NOMpro	
Everwic	York	NOMpro	
Evreux	Évreux	NOMpro	
Evroïn	Ebroïn	NOMpro	
Ewein	Yvain	NOMpro	
Ezechías	Ézéchias	NOMpro	
Ezechíe	Ézéchiel	NOMpro	
Ezechies	Ézéchiel	NOMpro	
Ezricam	Erigan	NOMpro	
Ezricam	Erice	NOMpro	
Fabius	Fabius	NOMpro	
Fabricius	Fabricius	NOMpro	
Febus	Phébus	NOMpro	
Fecit	Fecit	NOMpro	
Federic	Frédéric	NOMpro	
Fedric	Frédéric	NOMpro	
Feleton	Felton	NOMpro	
Fermin	Firmin	NOMpro	
Ferrey	Ferry	NOMpro	
Flavy	Flavy	NOMpro	
Flegeton	Flegeton	NOMpro	
Florans	Florent	NOMpro	
Florimons	Florimont	NOMpro	
Florimons	Florimond	NOMpro	
Florimont	Florimont	NOMpro	
Foeiz	Foix	NOMpro	
Fontenay	Fontenay	NOMpro	
Fontenoi	Fontenoy	NOMpro	
Fortunatus	Fortunatus	NOMpro	
Fouke	Fouques	NOMpro	
Fourmigny	Formigny	NOMpro	
Francisque	Francis	NOMpro	
Francoys	François	NOMpro	
Fransomme	François	NOMpro	
Fransomme	France	NOMpro	
Fraunce	France	NOMpro	
Frence	France	NOMpro	
Fribourg	Fribourg	NOMpro	
Gabaón	Gabaon	NOMpro	
Gachius	Gachius	NOMpro	
Gadiffer	Gadifer	NOMpro	
Gadiffer	Gadiffier	NOMpro	
Gaïus	Gaïus	NOMpro	
Galaes	Galaes	NOMpro	
Galesus	Galesus	NOMpro	
Galian	Galian	NOMpro	
Galilea	Galilée	NOMpro	
Galilée	Galilée	NOMpro	
Galiléé	Galilée	NOMpro	
Galiléé	Gallilée	NOMpro	
Gallici	Gallici	NOMpro	
Gamaliel	Gamaliel	NOMpro	
Gascongne	Gascogne	NOMpro	
Gaucourt	Gaucourt	NOMpro	
Gaudentius	Gaudentius	NOMpro	
Gaure	Gaure	NOMpro	
Gauthier	Gauthier	NOMpro	
Gautiers	Gauthier	NOMpro	
Gauwain	Gauvain	NOMpro	
Gaytan	Gaytan	NOMpro	
Gaza	Gaza	NOMpro	
Geffrei	Geoffroy	NOMpro	
Geffroy	Geoffroy	NOMpro	
Gefroy	Geoffroy	NOMpro	
Genese	Genèse	NOMpro	
Genesim	Genesim	NOMpro	
Genesin	Genesim	NOMpro	
Genesin	Genèse	NOMpro	
Geneviefve	Geneviefve	NOMpro	
Geneviefve	Geneviève	NOMpro	
Genevieve	Geneviève	NOMpro	
Genius	Cenus	NOMpro	
Genius	Venius	NOMpro	
Genius	Junius	NOMpro	
Genyus	Cenus	NOMpro	
Genyus	Venius	NOMpro	
Geoffray	Geoffroy	NOMpro	
Geronce	Geronce	NOMpro	
Gerosme	Jérôme	NOMpro	
Gervais	Gervais	NOMpro	
Gervaise	Gervais	NOMpro	
Gervaise	Gervaise	NOMpro	
Gieffroy	Geoffroy	NOMpro	
Gilbert	Gilbert	NOMpro	
Gilebert	Gilbert	NOMpro	
Gille	Gilles	NOMpro	
Gillebers	Gilbert	NOMpro	
Gilon	Gilon	NOMpro	
Girars	Girard	NOMpro	
Girart	Girard	NOMpro	
Girauld	Girault	NOMpro	
Girauld	Guiraud	NOMpro	
Girauld	Gerold	NOMpro	
Gisors	Gisors	NOMpro	
Givry	Givry	NOMpro	
Glaude	Claude	NOMpro	
Gloëcestre	Gloucester	NOMpro	
Godeffroy	Godefroy	NOMpro	
Godefroy	Godefroy	NOMpro	
Godefroys	Godefroy	NOMpro	
Godolias	Godolias	NOMpro	
Goffroy	Geoffroy	NOMpro	
Goffroys	Geoffroy	NOMpro	
Gofroi	Geoffroy	NOMpro	
Goliast	Goliath	NOMpro	
Goliat	Goliat	NOMpro	
Goliat	Goliath	NOMpro	
Goliáth	Goliath	NOMpro	
Goliáth	Goliat	NOMpro	
Gombaus	Gombaut	NOMpro	
Gombaut	Gombaut	NOMpro	
Gomorre	Gomorrhe	NOMpro	
Gondebalt	Gondebaud	NOMpro	
Gozam	Gossen	NOMpro	
Gozam	Gazan	NOMpro	
Gozán	Gossen	NOMpro	
Gozán	Gazan	NOMpro	
Gracien	Gracien	NOMpro	
Grantmont	Grantmont	NOMpro	
Gratiam	Gratian	NOMpro	
Gratiam	Gracien	NOMpro	
Gravelingues	Gravelines	NOMpro	
Grecce	Grèce	NOMpro	
Gregoires	Grégoire	NOMpro	
Grigny	Grigny	NOMpro	
Grigoire	Grégoire	NOMpro	
Grite	Grite	NOMpro	
Guales	Galles	NOMpro	
Gualun	Galon	NOMpro	
Gueldres	Gueldre	NOMpro	
Guesclin	Guesclin	NOMpro	
Guienne	Guyenne	NOMpro	
Guillam	Guillaume	NOMpro	
Guillam	Guilain	NOMpro	
Guilleaume	Guillaume	NOMpro	
Guillerme	Guillaume	NOMpro	
Guillermes	Guillaume	NOMpro	
Guilliam	Guillaume	NOMpro	
Guilliam	William	NOMpro	
Guilliam	Guilain	NOMpro	
Gutlande	Jutland	NOMpro	
Gutlande	Jutlande	NOMpro	
Guy	Guy	NOMpro	
Guyenne	Guyenne	NOMpro	
Guyot	Guyot	NOMpro	
Gyeffroy	Geoffroy	NOMpro	
Gyon	Gion	NOMpro	
Gyón	Gion	NOMpro	
Hainaut	Hainaut	NOMpro	
Hainnaut	Hainaut	NOMpro	
Haïót	Haod	NOMpro	
Haïót	Aod	NOMpro	
Hamelaincort	Hamelaincort	NOMpro	
Hamtune	Hampton	NOMpro	
Hannibal	Hanibal	NOMpro	
Hanri	Henri	NOMpro	
Hanris	Henri	NOMpro	
Haquin	Haquin	NOMpro	
Harcourt	Harcourt	NOMpro	
Harecourt	Harcourt	NOMpro	
Harfleu	Harfleur	NOMpro	
Haymmon	Hamon	NOMpro	
Haynaut	Hainaut	NOMpro	
Haynnau	Hainaut	NOMpro	
Hedin	Hedin	NOMpro	
Helaine	Hélène	NOMpro	
Heleine	Hélène	NOMpro	
Heleinne	Hélène	NOMpro	
Helí	Eli	NOMpro	
Heliu	Helius	NOMpro	
Heliu	Elius	NOMpro	
Heloine	Hélène	NOMpro	
Helyseus	Elisée	NOMpro	
Hemon	Hemon	NOMpro	
Henault	Henault	NOMpro	
Henricus	Henricus	NOMpro	
Henris	Henri	NOMpro	
Henriz	Henri	NOMpro	
Henry	Henri	NOMpro	
Hérault	Hérault	NOMpro	
Herculés	Hercule	NOMpro	
Herefort	Erfort	NOMpro	
Herefort	Herford	NOMpro	
Herford	Herford	NOMpro	
Hernoul	Arnould	NOMpro	
Herodes	Hérode	NOMpro	
Hesdin	Hesdin	NOMpro	
Hire	Hire	NOMpro	
Hismael	Ismael	NOMpro	
Hjerussalem	Jérusalem	NOMpro	
Hoel	Hoël	NOMpro	
Holande	Hollande	NOMpro	
Holivet	Olivier	NOMpro	
Hollande	Hollande	NOMpro	
Honcourt	Honcourt	NOMpro	
Honguerie	Hongrie	NOMpro	
Hortense	Hortense	NOMpro	
Hostum	Autun	NOMpro	
Hue	Hugues	NOMpro	
Hughe	Hugues	NOMpro	
Hugue	Hugues	NOMpro	
Hugues	Hugues	NOMpro	
Humières	Humières	NOMpro	
Hyram	Hiram	NOMpro	
Ieremie	Jérémie	NOMpro	
Ihesu	Jésus	NOMpro	
Immaculati	Immaculati	NOMpro	
Iohans	Jean	NOMpro	
Iort	York	NOMpro	
Isabelle	Isabelle	NOMpro	
Islande	Islande	NOMpro	
Isorie	Isaurie	NOMpro	
Isorie	Issoire	NOMpro	
Israël	Israël	NOMpro	
Israhel	Israël	NOMpro	
Italie	Italie	NOMpro	
Itallie	Italie	NOMpro	
Jabés	Jabés	NOMpro	
Jachim	Achim	NOMpro	
Jachim	Achin	NOMpro	
Jacób	Jacob	NOMpro	
Jacques	Jacques	NOMpro	
Jannes	Jeanne	NOMpro	
Janyn	Janin	NOMpro	
Jebus	Jhebus	NOMpro	
Jehan-Baptiste	Jean-Baptiste	NOMpro	
Jehans	Jean	NOMpro	
Jeremie	Jérémie	NOMpro	
Jeremíe	Jérémie	NOMpro	
Jerichó	Jéricho	NOMpro	
Jeroboám	Jeroboam	NOMpro	
Jeroboám	Jéroboam	NOMpro	
Jerome	Jérôme	NOMpro	
Jersalem	Jérusalem	NOMpro	
Jerusalém	Jérusalem	NOMpro	
Jesabel	Jézabel	NOMpro	
Jessé	Jessé	NOMpro	
Jesu-Crist	Jésus-Christ	NOMpro	
Jesum	Jésus	NOMpro	
Jesus	Jésus	NOMpro	
Jesuscrist	Jésus-Christ	NOMpro	
Jezabel	Jezabel	NOMpro	
Jheremie	Jérémie	NOMpro	
Jherico	Jéricho	NOMpro	
Jherome	Jérôme	NOMpro	
Jheronime	Hieronyme	NOMpro	
Jheronime	Hiéronime	NOMpro	
Jherusalant	Jérusalem	NOMpro	
Jherusalem	Jérusalem	NOMpro	
Jhesucris	Jésus-Christ	NOMpro	
Jhesu-Crist	Jésus-Christ	NOMpro	
Jhésucrist	Jésus-Christ	NOMpro	
Jhesucrit	Jésus-Christ	NOMpro	
Jhesuz	Jésus	NOMpro	
Jóab	Joab	NOMpro	
Joacas	Joachas	NOMpro	
Joachas	Joachas	NOMpro	
Joachim	Joachim	NOMpro	
Joachím	Joachim	NOMpro	
Joachin	Joachim	NOMpro	
Joachín	Joachim	NOMpro	
Jóas	Joas	NOMpro	
Joatham	Joatham	NOMpro	
Jóathán	Joatham	NOMpro	
Job	Job	NOMpro	
Joël	Joël	NOMpro	
Johane	Johan	NOMpro	
Johannes	Johan	NOMpro	
Johannes	Johannes	NOMpro	
Johans	Johan	NOMpro	
Joïada	Joiada	NOMpro	
Jóïada	Joiada	NOMpro	
Jóïade	Joiade	NOMpro	
Josephf	Joseph	NOMpro	
Joseps	Joseph	NOMpro	
Jósias	Josias	NOMpro	
Josías	Josias	NOMpro	
Jovinian	Jovinian	NOMpro	
Jovinien	Jovinien	NOMpro	
Judich	Judich	NOMpro	
Judit	Judith	NOMpro	
Judith	Judith	NOMpro	
Julian	Julien	NOMpro	
Julien	Julien	NOMpro	
Juliens	Julien	NOMpro	
Julïus	Jules	NOMpro	
Junch	Jonc	NOMpro	
Junius	Junius	NOMpro	
Juno	Junon	NOMpro	
Justinien	Justinien	NOMpro	
Kaer	Kaer	NOMpro	
Kamelot	Camelot	NOMpro	
Kanáán	Canaan	NOMpro	
Kanáán	Canaam	NOMpro	
Kanáán	Chanaan	NOMpro	
Karliun	Carlion	NOMpro	
Karliuns	Caerleon	NOMpro	
Kateneis	Caithness	NOMpro	
Katerine	Catherine	NOMpro	
Katherine	Catherine	NOMpro	
Kent	Kent	NOMpro	
Key	Keu	NOMpro	
Kymar	Kinmarc	NOMpro	
Kynon	Chinon	NOMpro	
Kyrsaac	Kyrsac	NOMpro	
Kyrsaacs	Kyrsac	NOMpro	
Kyrsacs	Kyrsac	NOMpro	
Lacedemone	Lacédémone	NOMpro	
Lachis	Lachis	NOMpro	
Lachís	Lachis	NOMpro	
Lalain	Lalain	NOMpro	
Lalaing	Lalain	NOMpro	
Lalaing	Lallain	NOMpro	
Lambert	Lambert	NOMpro	
Lancastre	Lancaster	NOMpro	
Lanclastre	Lancaster	NOMpro	
Languedoc	Languedoc	NOMpro	
Laon	Laon	NOMpro	
Lascari	Lascaris	NOMpro	
Lascary	Lascaris	NOMpro	
Latinus	Latinus	NOMpro	
Launoy	Launoy	NOMpro	
Laurent	Laurent	NOMpro	
Lausus	Lausus	NOMpro	
Lemgres	Langres	NOMpro	
Lengres	Langres	NOMpro	
Lens	Lens	NOMpro	
Leone	Leone	NOMpro	
Lethes	Lethes	NOMpro	
Lethes	Léthé	NOMpro	
Libe	Libye	NOMpro	
Lïenarz	Liénard	NOMpro	
Ligurgus	Ligurgus	NOMpro	
Lisle	Lille	NOMpro	
Livius	Livius	NOMpro	
Lobnam	Onan	NOMpro	
Loeneis	Lothian	NOMpro	
Loëwis	Louis	NOMpro	
Loeys	Louis	NOMpro	
Lohorainne	Lorraine	NOMpro	
Lombardye	Lombardie	NOMpro	
Longueil	Longueil	NOMpro	
Longueval	Longueval	NOMpro	
Longueville	Longueville	NOMpro	
Lorens	Laurent	NOMpro	
Lorent	Laurent	NOMpro	
Lorenz	Laurent	NOMpro	
Lorraine	Lorraine	NOMpro	
Lorreinne	Lorraine	NOMpro	
Loundres	Londres	NOMpro	
Louvre	Louvre	NOMpro	
Lowis	Louis	NOMpro	
Lowys	Louis	NOMpro	
Loys	Louis	NOMpro	
Lozanne	Lausanne	NOMpro	
Lubias	Lubias	NOMpro	
Luc	Luc	NOMpro	
Lucas	Lucas	NOMpro	
Lucembourc	Luxembourg	NOMpro	
Lucie	Lucie	NOMpro	
Lucile	Lucile	NOMpro	
Lucille	Lucille	NOMpro	
Lucrece	Lucrèce	NOMpro	
Lucresse	Lucrèce	NOMpro	
Ludovico	Ludovico	NOMpro	
Lumbars	Lombard	NOMpro	
Lundres	Londres	NOMpro	
Luques	Luques	NOMpro	
Lussembourc	Luxembourg	NOMpro	
Luxembourg	Luxembourg	NOMpro	
Lymosin	Limousin	NOMpro	
Lyonnel	Lionel	NOMpro	
Machabée	Machabées	NOMpro	
Machabees	Machabee	NOMpro	
Machabees	Machabées	NOMpro	
Machabées	Machabées	NOMpro	
Machidoine	Macédoine	NOMpro	
Magdalene	Madeleine	NOMpro	
Magdaleyne	Madeleine	NOMpro	
Magdelaine	Madeleine	NOMpro	
Magdelene	Madeleine	NOMpro	
Maguelonne	Maguelonne	NOMpro	
Mahieus	Mahieu	NOMpro	
Mahiex	Mahieu	NOMpro	
Mahiu	Mahieu	NOMpro	
Mahom	Mahomet	NOMpro	
Mahomes	Mahomet	NOMpro	
Mahy	Mahy	NOMpro	
Maignac	Maignac	NOMpro	
Mailly	Mailly	NOMpro	
Malgo	Malgo	NOMpro	
Manassé	Manassé	NOMpro	
Manassés	Manassé	NOMpro	
Manehout	Manehot	NOMpro	
Manehout	Menehoud	NOMpro	
Marcelin	Marcelin	NOMpro	
Marcellin	Marcellin	NOMpro	
Marcellius	Marcellus	NOMpro	
Marcellius	Marcilius	NOMpro	
Marcellus	Marcellus	NOMpro	
Marcius	Marcius	NOMpro	
Margerite	Marguerite	NOMpro	
Marigny	Marigny	NOMpro	
Marius	Marius	NOMpro	
Marmande	Marmande	NOMpro	
Marseilles	Marseilles	NOMpro	
Martha	Martha	NOMpro	
Martini	Martini	NOMpro	
Mascon	Mâcon	NOMpro	
Masconnois	Mâconnais	NOMpro	
Mathán	Mathan	NOMpro	
Mathán	Matan	NOMpro	
Mathathias	Mathathias	NOMpro	
Matheole	Matheole	NOMpro	
Matheolus	Matheole	NOMpro	
Matheu	Mathieu	NOMpro	
Maubert	Maubert	NOMpro	
Maugis	Maugis	NOMpro	
Mauny	Mauny	NOMpro	
Mauric	Mauric	NOMpro	
Maurice	Maurice	NOMpro	
Maxence	Maxence	NOMpro	
Maximian	Maximian	NOMpro	
Maximus	Maximus	NOMpro	
Meaulx	Meaux	NOMpro	
Meaulz	Meaux	NOMpro	
Meaux	Meaux	NOMpro	
Medée	Médée	NOMpro	
Melan	Milan	NOMpro	
Meleun	Melun	NOMpro	
Melian	Melian	NOMpro	
Melior	Melior	NOMpro	
Mentowa	Mentoue	NOMpro	
Mercurius	Mercure	NOMpro	
Merlins	Merlin	NOMpro	
Merteny	Martiny	NOMpro	
Merteny	Martini	NOMpro	
Mesapus	Mesapus	NOMpro	
Meucien	Multien	NOMpro	
Meulen	Meulen	NOMpro	
Meum	Meum	NOMpro	
Meyn	Meyn	NOMpro	
Michael	Michael	NOMpro	
Michault	Michaut	NOMpro	
Michiel	Michel	NOMpro	
Milesius	Milesius	NOMpro	
Milly	Milly	NOMpro	
Miraumont	Miraumont	NOMpro	
Modin	Modin	NOMpro	
Modon	Modon	NOMpro	
Moïse	Moïse	NOMpro	
Mondidier	Mondidier	NOMpro	
Monferant	Montferrant	NOMpro	
Monpesat	Monpesat	NOMpro	
Monstrelet	Monstrelet	NOMpro	
Montabon	Montauban	NOMpro	
Montagu	Montaigu	NOMpro	
Montargis	Montargis	NOMpro	
Montauban	Montauban	NOMpro	
Montauben	Montauban	NOMpro	
Montereau	Montereau	NOMpro	
Montferant	Montferrant	NOMpro	
Montferrat	Montferrat	NOMpro	
Montfort	Montfort	NOMpro	
Montmorancy	Montmorancy	NOMpro	
Montmorancy	Montmorency	NOMpro	
Montmorenci	Montmorency	NOMpro	
Montmorency	Montmorency	NOMpro	
Montpesat	Montpesat	NOMpro	
Morat	Morat	NOMpro	
Morave	Morave	NOMpro	
Morée	Morée	NOMpro	
Morgain	Morgan	NOMpro	
Morgan	Morgan	NOMpro	
Morigni	Origny	NOMpro	
Morigni	Marigny	NOMpro	
Mortemer	Mortemer	NOMpro	
Mountferrant	Montferrant	NOMpro	
Mountferrant	Montferrand	NOMpro	
Mountgomery	Montgomery	NOMpro	
Moya	Moya	NOMpro	
Moyse	Moïse	NOMpro	
Moÿsen	Moïse	NOMpro	
Moyses	Moïse	NOMpro	
Moÿses	Moïse	NOMpro	
Moÿsés	Moïse	NOMpro	
Moÿsi	Moïse	NOMpro	
Moÿsí	Moïse	NOMpro	
Munpelier	Montpellier	NOMpro	
Myro	Myro	NOMpro	
Nabugodonosor	Nabucodonosor	NOMpro	
Nabuzardan	Nabuzadan	NOMpro	
Nammur	Namur	NOMpro	
Namur	Namur	NOMpro	
Nanterre	Nanterre	NOMpro	
Nantueil	Nantueil	NOMpro	
Narbonne	Narbonne	NOMpro	
Nathalie	Nathalie	NOMpro	
Navarre	Navarre	NOMpro	
Nec	Nec	NOMpro	
Nechaó	Nechao	NOMpro	
Neemie	Neemie	NOMpro	
Nemine	Nemine	NOMpro	
Nemours	Nemours	NOMpro	
Nenterre	Nanterre	NOMpro	
Neptalim	Neptalim	NOMpro	
Neptalím	Neptalim	NOMpro	
Neptunus	Neptune	NOMpro	
Nerbonne	Narbonne	NOMpro	
Nesle	Nesle	NOMpro	
Nevers	Nevers	NOMpro	
Nicase	Nicaise	NOMpro	
Nicholai	Nicolas	NOMpro	
Nicholes	Nicolas	NOMpro	
Nicodemus	Nicodemus	NOMpro	
Nicolle	Nicole	NOMpro	
Nicolle	Nicolle	NOMpro	
Nicossie	Nicosie	NOMpro	
Nimis	Nîme	NOMpro	
Nimis	Nemi	NOMpro	
Ninive	Ninive	NOMpro	
Niort	Niort	NOMpro	
Nisus	Nisus	NOMpro	
Noefville	Noefville	NOMpro	
Noefville	Neuville	NOMpro	
Noli	Noli	NOMpro	
Noreis	Norrois	NOMpro	
Norembergh	Nuremberg	NOMpro	
Norewiz	Norwich	NOMpro	
Norhombellande	Northurberland	NOMpro	
Norhonbelande	Northurberland	NOMpro	
Normandye	Normandie	NOMpro	
Northumberlande	Northumberland	NOMpro	
Norweye	Norvège	NOMpro	
Novembris	Novembris	NOMpro	
Novi	Novi	NOMpro	
Noyelle	Noyelle	NOMpro	
Noyon	Noyon	NOMpro	
Nubie	Nubie	NOMpro	
Numïus	Nonnus	NOMpro	
Numïus	Hunnius	NOMpro	
Nycholas	Nicolas	NOMpro	
Nycolas	Nicolas	NOMpro	
Nyort	Niort	NOMpro	
Oeudon	Eude	NOMpro	
Oeudon	Edon	NOMpro	
Omni	Omni	NOMpro	
Ophír	Ophir	NOMpro	
Orace	Orace	NOMpro	
Oréb	Oreb	NOMpro	
Oréb	Horeb	NOMpro	
Orkanie	Orcanie	NOMpro	
Orkenie	Orcanie	NOMpro	
Orleans	Orléans	NOMpro	
Orlians	Orléans	NOMpro	
Orliaunce	Orléans	NOMpro	
Orpheüs	Orpheus	NOMpro	
Ostriche	Autriche	NOMpro	
Ostum	Autum	NOMpro	
Oswald	Oswald	NOMpro	
Oswalt	Oswald	NOMpro	
Othon	Othon	NOMpro	
Otthe	Othon	NOMpro	
Oudart	Oudart	NOMpro	
Ougues	Hugues	NOMpro	
Outeriche	Autriche	NOMpro	
Ouvergne	Auvergne	NOMpro	
Oxone	Ossone	NOMpro	
Oxone	Oxane	NOMpro	
Oxone	Auxonne	NOMpro	
Oxone	Ausone	NOMpro	
Pacem	Pacem	NOMpro	
Pacis	Passy	NOMpro	
Palantee	Pallantée	NOMpro	
Palladius	Palladius	NOMpro	
Pandarus	Pandarus	NOMpro	
Pantevre	Penthièvre	NOMpro	
Papie	Papie	NOMpro	
Parpegnan	Perpignan	NOMpro	
Parthenay	Parthenay	NOMpro	
Parvanchières	Parvanchières	NOMpro	
Patris	Patrice	NOMpro	
Patris	Patris	NOMpro	
Paula	Paula	NOMpro	
Paules	Paul	NOMpro	
Paulin	Paulin	NOMpro	
Pavye	Pavie	NOMpro	
Pembroc	Pembroc	NOMpro	
Penelope	Pénélope	NOMpro	
Pera	Pera	NOMpro	
Peritus	Peritus	NOMpro	
Perronne	Peronne	NOMpro	
Petdres	Pierre	NOMpro	
Petdrun	Pierre	NOMpro	
Petrus	Pierre	NOMpro	
Pharan	Pharan	NOMpro	
Pharao	Pharao	NOMpro	
Phelipe	Philippe	NOMpro	
Phelippe	Philippe	NOMpro	
Phelippes	Philippe	NOMpro	
Phelippom	Philippeau	NOMpro	
Phelippom	Philippe	NOMpro	
Philebers	Philebert	NOMpro	
Philebers	Philibert	NOMpro	
Philebert	Philebert	NOMpro	
Philippe	Philippe	NOMpro	
Philippes	Philippe	NOMpro	
Philistum	Philistie	NOMpro	
Phillebert	Philibert	NOMpro	
Phillippe	Philippe	NOMpro	
Philomena	Philomena	NOMpro	
Philosophus	Philosophus	NOMpro	
Phoroneüs	Foroneus	NOMpro	
Phylebers	Philibert	NOMpro	
Picardie	Picardie	NOMpro	
Picardye	Picardie	NOMpro	
Pieregort	Périgord	NOMpro	
Piérre	Pierre	NOMpro	
Pierregort	Périgord	NOMpro	
Pigmalion	Pygmalion	NOMpro	
Pitagoras	Pythagore	NOMpro	
Plaintius	Plancius	NOMpro	
Plaintius	Plautius	NOMpro	
Planchy	Plancy	NOMpro	
Pluto	Pluton	NOMpro	
Poictiers	Poitiers	NOMpro	
Poictou	Poitou	NOMpro	
Poissi	Poissy	NOMpro	
Poissy	Poissy	NOMpro	
Poittiers	Poitiers	NOMpro	
Policletus	Polyclète	NOMpro	
Polinices	Polynices	NOMpro	
Polinices	Polinice	NOMpro	
Pollux	Pollux	NOMpro	
Pontigni	Pontigny	NOMpro	
Pontigny	Pontigny	NOMpro	
Pontiu	Pontius	NOMpro	
Pontiu	Pontieu	NOMpro	
Pontoise	Pontoise	NOMpro	
Portugal	Portugal	NOMpro	
Posthumus	Postumus	NOMpro	
Poytiers	Poitiers	NOMpro	
Prade	Prade	NOMpro	
Prenestine	Prenestine	NOMpro	
Pressigni	Pressigny	NOMpro	
Priamus	Priam	NOMpro	
Primus	Primus	NOMpro	
Proserpine	Proserpine	NOMpro	
Prud	Prud	NOMpro	
Pylate	Pilate	NOMpro	
Pymont	Piémont	NOMpro	
Pytagoras	Pythagore	NOMpro	
Quantin	Quentin	NOMpro	
Quesnoy	Quesnoy	NOMpro	
Quiéret	Quieret	NOMpro	
Quos	Quos	NOMpro	
Raab	Raab	NOMpro	
Radegonde	Radegonde	NOMpro	
Rainneval	Raneval	NOMpro	
Rameston	Rameston	NOMpro	
Raouls	Raoul	NOMpro	
Raous	Raoul	NOMpro	
Raphael	Raphaël	NOMpro	
Rasin	Razin	NOMpro	
Rasín	Razin	NOMpro	
Rayneval	Raneval	NOMpro	
Regio	Regio	NOMpro	
Regnault	Renault	NOMpro	
Regnaut	Regnaut	NOMpro	
Reinald	Reinald	NOMpro	
Remon	Raymond	NOMpro	
Remon	Remon	NOMpro	
Remond	Raymond	NOMpro	
Remond	Remond	NOMpro	
Remy	Rémi	NOMpro	
Renauld	Renaud	NOMpro	
Renauld	Renold	NOMpro	
Renauld	Renault	NOMpro	
Renauld	Rainauld	NOMpro	
Renault	Renault	NOMpro	
Resphá	Sha	NOMpro	
Resphá	Shâ	NOMpro	
Reyns	Reims	NOMpro	
Richemont	Richemont	NOMpro	
Robeçon	Robechon	NOMpro	
Robers	Robert	NOMpro	
Roberz	Robert	NOMpro	
Roboan	Roboam	NOMpro	
Rochefort	Rochefort	NOMpro	
Rochefoucaut	Rochefoucaut	NOMpro	
Rochelle	Rochelle	NOMpro	
Rodrigue	Rodrigue	NOMpro	
Roem	Rouen	NOMpro	
Roger	Roger	NOMpro	
Rogier	Roger	NOMpro	
Rogiers	Roger	NOMpro	
Rohault	Rohault	NOMpro	
Roland	Roland	NOMpro	
Rollanz	Roland	NOMpro	
Romein	Romain	NOMpro	
Romeins	Romain	NOMpro	
Romelie	Romelie	NOMpro	
Romelíe	Romelie	NOMpro	
Romme	Rome	NOMpro	
Roncevaulx	Roncevaulx	NOMpro	
Roncevaulx	Roncevaux	NOMpro	
Rouergue	Rouergue	NOMpro	
Rougemont	Rougemont	NOMpro	
Roussillon	Roussillon	NOMpro	
Rouville	Rouville	NOMpro	
Royaumont	Royaumont	NOMpro	
Ruem	Rouen	NOMpro	
Ruen	Rouen	NOMpro	
Sabïens	Sabien	NOMpro	
Sadoc	Sadoc	NOMpro	
Sadóc	Sadoc	NOMpro	
Sadóch	Sadoc	NOMpro	
Saidne	Saxon	NOMpro	
Saincte-Sevère	Saincte-Sevère	NOMpro	
Saincte-Sevère	Sainte-Severe	NOMpro	
Saint-Denis	Saint-Denis	NOMpro	
Saint-Deniz	Saint-Denis	NOMpro	
Saint-Deniz	Saint-Deniz	NOMpro	
Saint-Denys	Saint-Denis	NOMpro	
Sainte-Genevieve	Sainte-Geneviève	NOMpro	
Sainte-Katherine	Sainte-Catherine	NOMpro	
Sainte-Sevère	Sainte-Severe	NOMpro	
Sainte-Sevère	Sainte-Sevère	NOMpro	
Saint-Flour	Saint-Flour	NOMpro	
Saint-Jehan-Baptiste	Saint-Jean-Baptiste	NOMpro	
Saint-Michiel	Saint-Michel	NOMpro	
Saint-Per	Saint-Pierre	NOMpro	
Saint-Per	Saint-Per	NOMpro	
Saint-Pol	Saint-Paul	NOMpro	
Saint-Quentin	Saint-Quentin	NOMpro	
Saint-Simon	Saint-Simon	NOMpro	
Saint-Victor	Saint-Victor	NOMpro	
Saka	Saka	NOMpro	
Salbery	Salsbury	NOMpro	
Salehadins	Saladin	NOMpro	
Salenike	Selenice	NOMpro	
Salenike	Selenisse	NOMpro	
Salmanasar	Salmanasar	NOMpro	
Salmanassar	Salmanasar	NOMpro	
Salmanassar	Salmanazar	NOMpro	
Salomun	Salomon	NOMpro	
Salomuns	Salomon	NOMpro	
Salon	Sallon	NOMpro	
Salon	Salon	NOMpro	
Salonique	Salonique	NOMpro	
Samaríe	Samarie	NOMpro	
Samon	Samon	NOMpro	
Sampson	Samson	NOMpro	
Sancto	Sancto	NOMpro	
Sangate	Sangatte	NOMpro	
Saquy	Isaac	NOMpro	
Saqy	Isaac	NOMpro	
Sarazins	Sarrasin	NOMpro	
Satanán	Satan	NOMpro	
Satanás	Satan	NOMpro	
Saverne	Saverne	NOMpro	
Saveuses	Saveuse	NOMpro	
Saxone	Saxone	NOMpro	
Scaurus	Scaurus	NOMpro	
Scipion	Scipion	NOMpro	
Scipions	Scipions	NOMpro	
Scipïun	Scipion	NOMpro	
Sebastien	Sebastien	NOMpro	
Sebilla	Sibylle	NOMpro	
Sebille	Sebille	NOMpro	
Sedechias	Sedechias	NOMpro	
Sedechías	Sedechias	NOMpro	
Sedechie	Sedechie	NOMpro	
Sedechíe	Sedechie	NOMpro	
Seidne	Saxon	NOMpro	
Seissuns	Saxon	NOMpro	
Sellum	Sellum	NOMpro	
Seneque	Sénèque	NOMpro	
Seneques	Seneques	NOMpro	
Senlis	Senlis	NOMpro	
Senliz	Senlis	NOMpro	
Sennacherib	Sennacherib	NOMpro	
Sennacheríb	Sennacherib	NOMpro	
Sesayre	Cesayre	NOMpro	
Sesayre	Cesaire	NOMpro	
Sesile	Sicile	NOMpro	
Sessoingne	Sassoingne	NOMpro	
Sessons	Soissons	NOMpro	
Sessuine	Saxe	NOMpro	
Seyne	Seine	NOMpro	
Seÿr	Séïr	NOMpro	
Sezaire	Cesaire	NOMpro	
Sezaire	Cesayre	NOMpro	
Sezaire	César	NOMpro	
Sezille	Sicile	NOMpro	
Sguro	Sgure	NOMpro	
Sibilla	Sibylle	NOMpro	
Sibille	Sibille	NOMpro	
Sicheüs	Sychée	NOMpro	
Silverius	Silverius	NOMpro	
Silvia	Sylvia	NOMpro	
Silvïus	Sylvius	NOMpro	
Simonnet	Simonet	NOMpro	
Sinay	Sinaï	NOMpro	
Siríe	Syrie	NOMpro	
Sochót	Sochot	NOMpro	
Socrates	Socrate	NOMpro	
Solehadins	Saladin	NOMpro	
Sommarie	Samarie	NOMpro	
Sommarie	Aumarie	NOMpro	
Souysse	Suisse	NOMpro	
Spiritu	Spiritu	NOMpro	
Statibus	Statibus	NOMpro	
Stephanus	Stephanus	NOMpro	
Suffolk	Suffolk	NOMpro	
Suffort	Suffort	NOMpro	
Sulli	Sulli	NOMpro	
Sully	Sully	NOMpro	
Surie	Syrie	NOMpro	
Suriens	Suriens	NOMpro	
Surrie	Surrey	NOMpro	
Surye	Syrie	NOMpro	
Susane	Suzanne	NOMpro	
Susanne	Suzanne	NOMpro	
Suze	Suze	NOMpro	
Symachus	Symmaque	NOMpro	
Symëonz	Siméon	NOMpro	
Symon	Simon	NOMpro	
Symons	Simon	NOMpro	
Symphorien	Symphorien	NOMpro	
Synay	Sinaï	NOMpro	
Syon	Sion	NOMpro	
Syríe	Syrie	NOMpro	
Tancarville	Tancarville	NOMpro	
Tanegui	Tanegui	NOMpro	
Tanquarville	Tancarville	NOMpro	
Tantalus	Tantale	NOMpro	
Tarbe	Tarbes	NOMpro	
Teivre	Tibre	NOMpro	
Teseüs	Thésée	NOMpro	
Testimonium	Testimonium	NOMpro	
Th	Th	NOMpro	
Thaleboth	Talebot	NOMpro	
Tharacha	Tharaca	NOMpro	
Tharacha	Taraca	NOMpro	
Thebaud	Thibaut	NOMpro	
Thebaud	Thiébaut	NOMpro	
Theodose	Theodose	NOMpro	
Theodose	Théodose	NOMpro	
Theodosine	Theodose	NOMpro	
Theodosine	Théodose	NOMpro	
Theodosine	Theodoce	NOMpro	
Theofraste	Theofraste	NOMpro	
Theofrastus	Theofraste	NOMpro	
Theophilé	Theophile	NOMpro	
Theophilé	Théophile	NOMpro	
Theophilé	Theophiles	NOMpro	
Theophilé	Theophyle	NOMpro	
Theophilum	Theophile	NOMpro	
Theophilum	Théophile	NOMpro	
Theophilum	Theophyle	NOMpro	
Theophilus	Theophilus	NOMpro	
Therence	Terence	NOMpro	
Therouanne	Terouanne	NOMpro	
Therouanne	Therouenne	NOMpro	
Therouenne	Therouenne	NOMpro	
Theseüs	Thésée	NOMpro	
Thesifone	Thesiphone	NOMpro	
Thessaille	Thessalie	NOMpro	
Thessale	Thessalie	NOMpro	
Thiébault	Thibaut	NOMpro	
Thiébault	Thiébaut	NOMpro	
Thiebaus	Thibaut	NOMpro	
Thiebaus	Thiébaut	NOMpro	
Thiebaut	Thiébaut	NOMpro	
Thierris	Thiery	NOMpro	
Thierry	Thiery	NOMpro	
Thimotee	Timothée	NOMpro	
Thimothee	Timothée	NOMpro	
Thionville	Thionville	NOMpro	
Thir	Thir	NOMpro	
Thobie	Thobie	NOMpro	
Tholouse	Toulouse	NOMpro	
Thoringe	Thoringe	NOMpro	
Thoulouse	Toulouse	NOMpro	
Thoulouze	Toulouse	NOMpro	
Thoumas	Thomas	NOMpro	
Thumas	Thomas	NOMpro	
Thyerry	Thiery	NOMpro	
Thyonville	Thionville	NOMpro	
Tibauz	Thibaut	NOMpro	
Tibule	Tibulle	NOMpro	
Tiebaus	Thibaut	NOMpro	
Tiebaus	Thiébaut	NOMpro	
Tís	Tis	NOMpro	
Tisbé	Tisbé	NOMpro	
Titidés	Tydée	NOMpro	
Titidés	Titydés	NOMpro	
Titus	Titus	NOMpro	
Toivre	Tibre	NOMpro	
Tomas	Thomas	NOMpro	
Torainne	Touraine	NOMpro	
Tornus	Tournus	NOMpro	
Torquatus	Torquatus	NOMpro	
Totenes	Totnes	NOMpro	
Totyle	Totila	NOMpro	
Toulouse	Toulouse	NOMpro	
Touraine	Touraine	NOMpro	
Tournay	Tournai	NOMpro	
Traian	Trajan	NOMpro	
Trêves	Trêves	NOMpro	
Trimoulle	Trimouille	NOMpro	
Trimoulle	Trimoille	NOMpro	
Tristans	Tristan	NOMpro	
Troye	Troie	NOMpro	
Tulle	Tulle	NOMpro	
Tulles	Tulle	NOMpro	
Turenne	Turenne	NOMpro	
Turnus	Turnus	NOMpro	
Tuus	Tuus	NOMpro	
Tyntaiol	Tintagel	NOMpro	
Tyonville	Thionville	NOMpro	
Tytus	Titus	NOMpro	
Ulixés	Ulysse	NOMpro	
Urban	Urbain	NOMpro	
Urban	Urban	NOMpro	
Uríe	Urie	NOMpro	
Utinam	Vtinam	NOMpro	
Valencienes	Valencienne	NOMpro	
Valencinien	Valentinien	NOMpro	
Valentinien	Valentinien	NOMpro	
Valerius	Valerius	NOMpro	
Vallier	Vallier	NOMpro	
Valois	Valois	NOMpro	
Vanves	Vanves	NOMpro	
Varenne	Varennes	NOMpro	
Vaspasian	Vespasian	NOMpro	
Vaudémont	Vaudémont	NOMpro	
Vegece	Végèce	NOMpro	
Vendome	Vendôme	NOMpro	
Vendosme	Vendosme	NOMpro	
Vendosme	Vendôme	NOMpro	
Venice	Venise	NOMpro	
Venyse	Venise	NOMpro	
Vermendoiz	Vermendois	NOMpro	
Vernon	Vernon	NOMpro	
Veronne	Veronne	NOMpro	
Veronne	Véronne	NOMpro	
Viane	Vienne	NOMpro	
Vigelius	Villius	NOMpro	
Vigelius	Vitellius	NOMpro	
Villers	Villers	NOMpro	
Vincennes	Vincennes	NOMpro	
Vincestre	Winchester	NOMpro	
Vinciennes	Vincennes	NOMpro	
Virgiles	Virgiles	NOMpro	
Viterbe	Viterbe	NOMpro	
Vitri	Vitri	NOMpro	
Vitri	Vitry	NOMpro	
Vitry	Vitry	NOMpro	
Vulcan	Vulcain	NOMpro	
Vulcanz	Vulcain	NOMpro	
Vyre	Vire	NOMpro	
Wale	Wale	NOMpro	
Walerant	Galerant	NOMpro	
Walerant	Valeran	NOMpro	
Wales	Galles	NOMpro	
Walwein	Gauvain	NOMpro	
Warniers	Garnier	NOMpro	
Warvic	Warvic	NOMpro	
Wauslaincort	Wauslaincort	NOMpro	
Westmynstre	Westminster	NOMpro	
Willame	William	NOMpro	
Willames	William	NOMpro	
Willaume	Guillaume	NOMpro	
Willaumes	William	NOMpro	
William	William	NOMpro	
Windessore	Windsor	NOMpro	
Xainctes	Xainctes	NOMpro	
Xaintes	Saintes	NOMpro	
Xaintonge	Saintonge	NOMpro	
Yberie	Ibérie	NOMpro	
Ydumee	Idumée	NOMpro	
Yhun	Yun	NOMpro	
Yhun	Iun	NOMpro	
Yloas	Eloas	NOMpro	
Yloas	Eloa	NOMpro	
Ymbert	Ymbert	NOMpro	
Ÿo	Io	NOMpro	
Yolé	Yolé	NOMpro	
Yonne	Yonne	NOMpro	
Yorch	York	NOMpro	
Yort	York	NOMpro	
Ypolite	Hypolite	NOMpro	
Ypre	Ypres	NOMpro	
Yrlande	Irlande	NOMpro	
Yrlandes	Irlande	NOMpro	
Ysaac	Isaac	NOMpro	
Ysabeau	Isabeau	NOMpro	
Ysabeaux	Isabeau	NOMpro	
Ysabel	Isabelle	NOMpro	
Ysabiaus	Isabeau	NOMpro	
Ysachar	Ysachar	NOMpro	
Ysaïe	Isaïe	NOMpro	
Ysaïes	Isaïe	NOMpro	
Ysaye	Isaïe	NOMpro	
Ysaÿe	Isaïe	NOMpro	
Yseud	Yseult	NOMpro	
Ysidoire	Isidore	NOMpro	
Ysidoire	Ysidoire	NOMpro	
Ysidore	Isidore	NOMpro	
Ysmael	Ismael	NOMpro	
Yvon	Yvon	NOMpro	
Zacarie	Zacharie	NOMpro	
Zacharie	Zacharie	NOMpro	
Zacharíe	Zacharie	NOMpro	
Zelande	Zélande	NOMpro	
Brochinal	Brochinal	NOMpro	Brochinal
Paron	Paron	NOMpro	Parón
Damediex	Damedieu	NOMpro	Damediex
Croui	Croui	NOMpro	Crouy
Damasche	Damasche	NOMpro	Damásche
Rodes	Rhodes	NOMpro	Rodes
Rodes	Rodez	NOMpro	Rodes
Stomac	Stomac	NOMpro	Stomac
Rodes	Rodez	NOMpro	Rodès
Rodes	Rhodes	NOMpro	Rodès
Boesme	Bohême	NOMpro	Boesme
Brabant	Brabant	NOMpro	Brabant
Paris	Paris	NOMpro	Parys
Paris	Pâris	NOMpro	Parys
Parys	Paris	NOMpro	Parys
Enghien	Enghien	NOMpro	Enghien
Borgegnon	Burgundes	NOMpro	Borgegnon
Borgogne	Bourgogne	NOMpro	Borgogne
Borgogne	Burgonde	NOMpro	Borgogne
Regnum	Regnum	NOMpro	Regnum
Emaus	Emmaüs	NOMpro	Emaus
Pax	Pax	NOMpro	Pax
Paulus	Paulus	NOMpro	Paulus
Russie	Russie	NOMpro	Russie
Paule	Paule	NOMpro	Paule
Paule	Paul	NOMpro	Paule
Crevis	Crevis	NOMpro	Crevis
Roussie	Russie	NOMpro	Roussie
Dampmartin	Dampmartin	NOMpro	Dampmartin
Emaus	Emaüs	NOMpro	Emaus
Rodès	Rodez	NOMpro	Rodès
Ely	Eli	NOMpro	Ely
Eli	Eli	NOMpro	Ely
Roenel	Roenel	NOMpro	Roenel
Romenel	Romenel	NOMpro	Romenel
Rommenie	Romanie	NOMpro	Rommenie
Romenie	Romanie	NOMpro	Rommenie
Roni	Roni	NOMpro	Rony
Bledric	Blederic	NOMpro	Bledric
Boclovius	Boclovïus	NOMpro	Boclovius
Cristine	Christine	NOMpro	Cristine
Rouan	Rouen	NOMpro	Rouan
Bodloan	Boloan	NOMpro	Bodloan
Corsalen	Cursalem	NOMpro	Corsalen
Pedre	Pierre	NOMpro	Peddre
Boeme	Bohême	NOMpro	Boème
Pedre	Pedre	NOMpro	Peddre
Couloigne	Cologne	NOMpro	Couloigne
Peanda	Penda	NOMpro	Peanda
Courbuel	Courbuel	NOMpro	Courbuel
Englelande	Anglelande	NOMpro	Englelande
Rousset	Rousset	NOMpro	Rousset
Chatwalein	Cadwalan	NOMpro	Chatwalein
Spiritus	Spiritus	NOMpro	Spiritus
Dieppe	Dieppe	NOMpro	Dieppe
Chadorkeneneis	Cador.cananeis	NOMpro	Chadorkeneneis
Diane	Diane	NOMpro	Diane
Cha	Cha	NOMpro	Chá
Sezille	Sezille	NOMpro	Sézille
Sezille	Sicile	NOMpro	Sézille
Christ	Christ	NOMpro	Christ
Sezile	Secile	NOMpro	Sézille
Seignor	Seignor	NOMpro	Seígnor
Chrodobert	Chrodobert	NOMpro	Chrodobert
Cirecestre	Cirencester	NOMpro	Cirecestre
Sezile	Sezille	NOMpro	Sézille
Seidnes	Saxon	NOMpro	Seidnes
Chadwaladres	Cadwalader	NOMpro	Chadwaladres
Clement	Clément-	NOMpro	Clement
Devenesire	Devonshire	NOMpro	Devenesire
Deum	Deum	NOMpro	Deum
Certaine	Certane	NOMpro	Certayne
Scire	Scire	NOMpro	Scire
Sayne	Seine	NOMpro	Sayne
Cogni	Cogni	NOMpro	Cogny
Diabolus	Diabolus	NOMpro	Dyabolus
Dion	Dion	NOMpro	Dyon
Piemont	Piémont	NOMpro	Pyémont
Dyonot	Dionot	NOMpro	Dyonot
Dionot	Dionot	NOMpro	Dyonot
Pyemont	Piémont	NOMpro	Pyémont
Pyemont	Pyemont	NOMpro	Pyémont
Dunois	Dunois	NOMpro	Dunois
Saine	Seine	NOMpro	Sayne
Chadwalein	Cadwalan	NOMpro	Chadwalein
Dieus	Dieu	NOMpro	Dieux
Chatwan	Cadwan	NOMpro	Chatwan
Chalewadres	Cadwalader	NOMpro	Chalewadres
Chaldee	Chaldée	NOMpro	Chaldéé
Cheldric	Cheldric	NOMpro	Cheldric
Sertor	Sertor	NOMpro	Sertor
Pontieu	Pontieu	NOMpro	Pontieu
Pompilius	Pompilius	NOMpro	Pompilïus
Dravel	Draveil	NOMpro	Dravel
Pompee	Pompée	NOMpro	Pompée
Sertorius	Sertorius	NOMpro	Sertorius
Semei	Semei	NOMpro	Seméï
Sellum	Sellum	NOMpro	Sellúm
Pompée	Pompée	NOMpro	Pompée
Chadwallein	Cadwalan	NOMpro	Chadwallein
Duglas	Douglas	NOMpro	Duglas
Duglas	Duglas	NOMpro	Duglas
Dorecestre	Dorchester	NOMpro	Dorecestre
Sertorius	Sextorius	NOMpro	Sertorius
Dominique	Dominique	NOMpro	Dominique
Servius	Servius	NOMpro	Servïus
Servum	Servum	NOMpro	Servum
Seissuine	Saxe	NOMpro	Seissuine
Dionot	Dionot	NOMpro	Dionot
Seisuine	Saxe	NOMpro	Seissuine
Chadwan	Cadwan	NOMpro	Chadwan
Chadwalein	Cadwalan	NOMpro	Chadwallein
Chiele	Chelles	NOMpro	Chiele
Seisnes	Saxon	NOMpro	Seisnes
Seisuine	Saxe	NOMpro	Seisuine
Stafford	Stafford	NOMpro	Stafford
Siloe	Siloé	NOMpro	Siloë
Coitivi	Coitivi	NOMpro	Coitivy
Samarie	Samarie	NOMpro	Samárie
Cahors	Cahors	NOMpro	Çahors
Caf	Caf	NOMpro	Caf
Cadwalein	Cadwalan	NOMpro	Cadwalein
Ele	Ele	NOMpro	Éle
Salomun	Salomon	NOMpro	Salomún
Piere	Pierre	NOMpro	Píerre
Salemun	Salomon	NOMpro	Salémun
Saisuine	Saxe	NOMpro	Saisuine
Saissun	Saxon	NOMpro	Saissun
Raegons	Radegonde	NOMpro	Raegons
Pierre	Pierre	NOMpro	Píerre
Corbie	Corbie	NOMpro	Corbye
Caldee	Chaldée	NOMpro	Caldéé
Cornewaille	Cornouailles	NOMpro	Cornewaille
Biauvaiz	Bauvaiz	NOMpro	Byauvaiz
Eleazar	Eleazar	NOMpro	Eleazár
Elfrid	Elfrid	NOMpro	Elfrid
Piedefer	Pie-De-Fer	NOMpro	Piedefer
Phul	Phul	NOMpro	Phúl
Biauvais	Beauvais	NOMpro	Byauvais
Bury	Bury	NOMpro	Bury
Daviz	David	NOMpro	Daviz
Daviz	Davi	NOMpro	Daviz
Petreius	Petreius	NOMpro	Petreïus
Petreïus	Pétreïus	NOMpro	Petreïus
Petreïus	Petreïus	NOMpro	Petreïus
Petreïum	Pétreïus	NOMpro	Petreïum
Biauvaiz	Beauvais	NOMpro	Byauvaiz
Plinius	Pline	NOMpro	Plinïus
Sout	Sout	NOMpro	Soút
Calibuerne	Excalibur	NOMpro	Calibuerne
Saturnus	Saturnus	NOMpro	Saturnus
Edward	Édouard	NOMpro	Edward
Edward	Edward	NOMpro	Edward
Edwine	Edwin	NOMpro	Edwine
Sion	Sion	NOMpro	Sion
Sarvie	Sarvie	NOMpro	Sarvíe
Chartein	Chartres	NOMpro	Chartein
Saraïa	Saraïa	NOMpro	Saráïa
Conflans	Conflans	NOMpro	Confflans
Socrates	Socrate	NOMpro	Socratès
Constans	Constant	NOMpro	Constans
Placidain	Placide	NOMpro	Placidain
Quintilien	Quintilien	NOMpro	Quintilien
Souphie	Sophie	NOMpro	Souphie
Eimery	Aimery	NOMpro	Eimery
Sancerre	Sancerre	NOMpro	Sancerre
Cartaige	Carthage	NOMpro	Cartaige
Cartaige	Cartage	NOMpro	Cartaige
Carmele	Carmel	NOMpro	Carmele
Pilates	Pilate	NOMpro	Pilates
Carlon	Charles	NOMpro	Carloon
Carlon	Charle	NOMpro	Carloon
Cariz	Cariz	NOMpro	Cariz
El	El	NOMpro	Él
Caricius	Caricïus	NOMpro	Caricius
Capue	Capoue	NOMpro	Cappue
Cantebruge	Cambridge	NOMpro	Cantebruge
Calis	Calis	NOMpro	Calix
Quintilien	Quintilien	NOMpro	Quintiliien
Piémont	Piémont	NOMpro	Pyémont
Obed	Obed	NOMpro	Obéd
Benjamin	Benjamin	NOMpro	Benjamín
Malverne	Malvern	NOMpro	Malverne
Manasse	Manassé	NOMpro	Manasse
Manasses	Manassé	NOMpro	Manasses
Villiers	Villers	NOMpro	Villiers
Amis	Ami	NOMpro	Amís
Holdin	Hodin	NOMpro	Holdin
Hieu	Hieu	NOMpro	Hiéu
Villaines	Vilaine	NOMpro	Villaines
Hieu	Hieu	NOMpro	Híeu
Amis	Amis	NOMpro	Amís
Vilaines	Vilaine	NOMpro	Villaines
Hieu	Hieu	NOMpro	Hieu
Marcial	Martial	NOMpro	Marcial
Margadud	Margadud	NOMpro	Margadud
Mars	Mars	NOMpro	Marrs
Helias	Helias	NOMpro	Helyas
Heliseus	Helyseu	NOMpro	Heliseus
Marie	Marie	NOMpro	Marye
Marye	Marie	NOMpro	Marye
Amos	Amos	NOMpro	Amos
Helie	Helye	NOMpro	Helie
Humbre	Humber	NOMpro	Humbre
Villiers	Villiers	NOMpro	Villiers
Amide	Amide	NOMpro	Amide
Viliques	Viliques	NOMpro	Villiques
Jac	Jac	NOMpro	Jac
Lygier	Ligier	NOMpro	Lygier
Lyndesie	Lindsey	NOMpro	Lyndesie
Aleaume	Aleaume	NOMpro	Aleaume
Israel	Israël	NOMpro	Israél
Israel	Israel	NOMpro	Israél
Israel	Israël	NOMpro	Isráel
Israel	Israel	NOMpro	Isráel
Ismael	Ismael	NOMpro	Ismaél
Vortyporus	Vortiporus	NOMpro	Vortyporus
Helfelde	Helfelde	NOMpro	Helfelde
Alfricans	Africain	NOMpro	Alfricans
Alifatin	Alifatima	NOMpro	Alifatin
Alars	Alard	NOMpro	Allars
Alebret	Alebret	NOMpro	Allebret
Ipse	Ipse	NOMpro	Ipse
Vivit	Vivit	NOMpro	Vivit
Amasam	Amasam	NOMpro	Amasám
Amasie	Amasie	NOMpro	Amasie
Virecestre	Winchester	NOMpro	Virecestre
Hyrelgas	Hyrelgas	NOMpro	Hyrelgas
Malaisie	Malaisie	NOMpro	Malaisiée
Aliduc	Aliduc	NOMpro	Aliduc
Jacque	Jacques	NOMpro	Jacque
Amphibal	Amphibal	NOMpro	Amphibal
Hebraice	Hébreu	NOMpro	Hebraice
Anette	Annette	NOMpro	Anette
Grant	Grant	NOMpro	Gránt
Melaine	Melaine	NOMpro	Melainne
Gothes	Goth	NOMpro	Gothes
Menot	Menot	NOMpro	Menot
Gothe	Goth	NOMpro	Gothe
Godefrois	Godfrois	NOMpro	Godefrois
Godefrois	Godefroy	NOMpro	Godefrois
Gloucestre	Gloucester	NOMpro	Gloucestre
Merk	Merk	NOMpro	Merk
Genesius	Genès	NOMpro	Genesius
Anete	Annette	NOMpro	Anette
Vermendois	Vermendois	NOMpro	Vermendois
Vermendois	Vermandois	NOMpro	Vermendois
Anglois	Anglois	NOMpro	Angloys
Gehsemani	Gethsémani	NOMpro	Gehsemani
Gaze	Gaza	NOMpro	Gazé
Gautier	Gautier	NOMpro	Gautier
Gautier	Gauthier	NOMpro	Gautier
Gastinois	Gastinois	NOMpro	Gastinois
Galien	Galien	NOMpro	Galiien
Verus	Verus	NOMpro	Verus
Vespasien	Vespasien	NOMpro	Vespasién
Guarin	Garin	NOMpro	Guaryn
Guillaumes	Guillaume	NOMpro	Guillaumes
Haynau	Hainaut	NOMpro	Haynau
Maure	Maur	NOMpro	Maure
Maure	Maures	NOMpro	Maure
Maximien	Maximien	NOMpro	Maximien
Habraham	Abraham	NOMpro	Habraham
Girart	Girart	NOMpro	Gyrart
Girart	Girard	NOMpro	Gyrart
Girard	Girard	NOMpro	Gyrard
Gilebert	Gilbert	NOMpro	Gylebert
Guines	Guines	NOMpro	Guynes
Masphat	Masphat	NOMpro	Masphath
Viene	Vienne	NOMpro	Viene
Mez	Metz	NOMpro	Meez
Gurmunz	Gormont	NOMpro	Gurmunz
Gurmunt	Gormont	NOMpro	Gurmunt
Gurmund	Gormont	NOMpro	Gurmund
Mei	Mei	NOMpro	Meí
Guitard	Guitard	NOMpro	Guitard
Guion	Guion	NOMpro	Guion
Ancone	Ancone	NOMpro	Ancône
Guilleme	Guillaume	NOMpro	Guillemme
Guilaumes	Guillaume	NOMpro	Guillaumes
Betfage	Bethphagé	NOMpro	Betfage
Galiache	Galiach	NOMpro	Galiache
Vulcans	Vulcain	NOMpro	Vulcans
Vulteïus	Vulteïus	NOMpro	Vulteïus
Yreis	Irois	NOMpro	Yreis
Yne	Ine	NOMpro	Yne
Idumee	Idumee	NOMpro	Yduméé
Ydumee	Ydumee	NOMpro	Yduméé
Ydumee	Idumee	NOMpro	Yduméé
Abia	Abia	NOMpro	Abiá
Abiathar	Abiathar	NOMpro	Abiathár
Abisai	Abisai	NOMpro	Abisaï
Judam	Juda	NOMpro	Judam
Jourdain	Jourdain	NOMpro	Jourdain
Josias	Josias	NOMpro	Josíás
Josaphat	Josaphat	NOMpro	Josaphát
Josabet	Josabet	NOMpro	Josabeth
Liber	Liber	NOMpro	Liber
Ydaspis	Ydaspis	NOMpro	Ydaspis
Acab	Acab	NOMpro	Ácab
Jos	Jos	NOMpro	Jós
Jordan	Jordan	NOMpro	Jordan
Jordan	Jordain	NOMpro	Jordan
Joram	Joram	NOMpro	Jorám
Achab	Achab	NOMpro	Acháb
Junius	Junius	NOMpro	Junïus
Ysac	Isaac	NOMpro	Ysáác
Isaac	Isaac	NOMpro	Ysáác
Ysaac	Isaac	NOMpro	Ysáác
Abacuc	Abacuc	NOMpro	Abbacuc
Zephirus	Zéphyre	NOMpro	Zephyrus
Lamech	Lamech	NOMpro	Lamech
Abacuc	Habacuc	NOMpro	Abbacuc
Zephyrus	Zéphyre	NOMpro	Zephyrus
Iwein	Yvain	NOMpro	Yweyn
Kin	Kin	NOMpro	Kin
Leïrcestre	Leicester	NOMpro	Leïrcestre
Kidalet	Kidalet	NOMpro	Kidalet
Yvor	Ivor	NOMpro	Yvor
Jol	Jol	NOMpro	Jól
Yugeïn	Jugeïn	NOMpro	Yugeïn
Leonce	Leonce	NOMpro	Leonce
Kariz	Cariz	NOMpro	Kariz
Kantuorbire	Canterbury	NOMpro	Kantuorbire
Kalewadres	Cadwalader	NOMpro	Kalewadres
Leudegangus	Leudegandus	NOMpro	Leudegangus
Levite	Levite	NOMpro	Levíte
Issoudun	Issoudun	NOMpro	Yssoudun
Ysembard	Isembart	NOMpro	Ysembard
Isaie	Isaïe	NOMpro	Ysaie
Ysaie	Isaïe	NOMpro	Ysaie
Lencastre	Lancaster	NOMpro	Lencastre
Vulteïus	Gualerteius	NOMpro	Vulteïus
Achaye	Achaye	NOMpro	Achaye
Joiade	Joiade	NOMpro	Jóïáde
Adonias	Adonias	NOMpro	Adoniás
Luces	Lucius	NOMpro	Luces
Jasque	Jaque	NOMpro	Jasque
Jasque	Jacques	NOMpro	Jasque
Jasque	Jacque	NOMpro	Jasque
Xerces	Xercès	NOMpro	Xercés
Wincestre	Winchester	NOMpro	Wyncestre
Wincestre	Wincestre	NOMpro	Wyncestre
Witsant	Wissant	NOMpro	Witsant
Witsand	Wissant	NOMpro	Witsand
Wiltesire	Wiltshire	NOMpro	Wiltesire
Waie	Wye	NOMpro	Waie
Aedelstan	Adelstan	NOMpro	Aedelstan
Jakes	Jaque	NOMpro	Jakes
Lumbar	Lombard	NOMpro	Lumbar
Luna	Luna	NOMpro	Luna
Jakes	Jacques	NOMpro	Jakes
Lune	Lune	NOMpro	Lúne
Jake	Jaque	NOMpro	Jake
Jake	Jacques	NOMpro	Jake
Jaguz	Jaguz	NOMpro	Jaguz
Adelstan	Adelstan	NOMpro	Adelstan
Jechonias	Jechonias	NOMpro	Jechóniás
Jesrael	Jesrael	NOMpro	Jesrael
Loz	Lot	NOMpro	Loz
Joiade	Joiade	NOMpro	Joïade
Joel	Joël	NOMpro	Joel
Joatham	Joatham	NOMpro	Joathám
Lilie	Lilie	NOMpro	Lílie
Joas	Joas	NOMpro	Jóás
Achaye	Achaye	NOMpro	Achaÿe
Lisy	Lisy	NOMpro	Lisy
Joas	Joas	NOMpro	Joás
Joab	Joab	NOMpro	Joáb
Jezrael	Jesrael	NOMpro	Jezraél
Joiade	Joiade	NOMpro	Joïadé
Jesus	Jésus	NOMpro	Jesús
Loreigne	Lorraine	NOMpro	Loreygne
Louys	Louis	NOMpro	Louys
Jesus	Jesu	NOMpro	Jesús
Louis	Louis	NOMpro	Louys
Jesús	Iesus	NOMpro	Jesús
Jesúm	Iesus	NOMpro	Jesúm
Jesum	Jésus	NOMpro	Jesúm
Jesu	Jésus	NOMpro	Jesú
Jesu	Jesu	NOMpro	Jesú
Jesú	Iesus	NOMpro	Jesú
Lodun	Lodun	NOMpro	Lodun
Galaad	Galaad	NOMpro	Galaád
Richomarcus	Richomarus	NOMpro	Richomarcus
Triguel	Tringuel	NOMpro	Triguel
Estanhenges	Estanhenges	NOMpro	Estanhenges
Theophilus	Theophilus	NOMpro	Theophylus
Nursie	Nursie	NOMpro	Nursie
Euclides	Euclides	NOMpro	Euclidés
Or	Or	NOMpro	Ór
Ap	Ap	NOMpro	Ap
Synope	Synope	NOMpro	Synope
Erchenoalx	Erchinoald	NOMpro	Erchenoalx
Austin	Austin	NOMpro	Aüstin
Erchenoalt	Erchinoald	NOMpro	Erchenoalt
Assur	Assur	NOMpro	Assúr
Tudele	Tudele	NOMpro	Tudelle
Turoldus	Turoldus	NOMpro	Turoldus
Baudoyn	Baudouin	NOMpro	Baudoÿn
Turquie	Turquie	NOMpro	Turquie
Evan	Evan	NOMpro	Evan
Eve	Evain	NOMpro	Evéé
Eve	Eve	NOMpro	Evéé
Erarz	Erart	NOMpro	Erarz
Aser	Aser	NOMpro	Áséér
Sinons	Sinons	NOMpro	Synons
Eve	Ève	NOMpro	Evéé
Ephesiens	Ephésien	NOMpro	Ephesiens
Tharente	Tharente	NOMpro	Tharente
Sidonie	Sidonie	NOMpro	Sydónie
Sidonie	Sidonie	NOMpro	Sydonie
Theoderic	Théodoric	NOMpro	Theoderic
Ausaiz	Ausaiz	NOMpro	Ausaiz
Teospiton	Théopiste	NOMpro	Teospiton
Essexe	Essex	NOMpro	Essexe
Escarïoth	Iscariote	NOMpro	Escarïoth
Escharïoh	Iscariote	NOMpro	Escharïoh
Aurelia	Aurelia	NOMpro	Aurelia
Banaias	Banaias	NOMpro	Banaïas
Toteneis	Totnes	NOMpro	Toteneis
Nice	Nice	NOMpro	Nyce
Banaias	Banaias	NOMpro	Banáïas
Nyce	Nice	NOMpro	Nyce
Touscane	Toscane	NOMpro	Touscanne
Bangor	Bangor	NOMpro	Bangor
Barbarie	Barbarie	NOMpro	Barbarie
Tanneguy	Tanneguy	NOMpro	Tannneguy
Tanegui	Tanegui	NOMpro	Tannneguy
Bartholomie	Bartholomé	NOMpro	Bartholomié
Baltelx	Bathilde	NOMpro	Baltelx
Basin	Bazin	NOMpro	Basin
Auguissel	Aguisel	NOMpro	Auguissel
Syriens	Syrien	NOMpro	Sýriens
Baltelt	Bathilde	NOMpro	Baltelt
Baladan	Baladan	NOMpro	Baladán
Tai	Tai	NOMpro	Tay
Osriz	Osrid	NOMpro	Osriz
Espaigne	Espagne	NOMpro	Espaygne
Baal	Baal	NOMpro	Báál
Orkanie	Orcanie	NOMpro	Orkanye
Syrie	Syrie	NOMpro	Sýrie
Orient	Orient	NOMpro	Oriént
Baal	Baal	NOMpro	Báal
Sirie	Syrie	NOMpro	Sýrie
Essecestre	Exeter	NOMpro	Essecestre
Sirie	Cize	NOMpro	Sýrie
Twancastre	Twancastre	NOMpro	Twancastre
Octovien	Octovien	NOMpro	Octovien
Austraise	Austrasie	NOMpro	Austraise
Og	Og	NOMpro	Og
Ur	Ur	NOMpro	Úr
Panthasilee	Panthasselée	NOMpro	Panthasilée
Arménie	Arménie	NOMpro	Arménie
Armand	Armand	NOMpro	Armand
Morienne	Morienne	NOMpro	Morienne
Suize	Suize	NOMpro	Suyze
Morchofles	Morchofle	NOMpro	Morchofles
Montlehery	Montlehery	NOMpro	Montlehery
Urie	Urie	NOMpro	Úríe
Tholomee	Ptolémée	NOMpro	Tholomée
Archenoalt	Erchinoald	NOMpro	Archenoalt
Moab	Moab	NOMpro	Moáb
Theophilus	Theophile	NOMpro	Theophylus
Arbres	Arbres	NOMpro	Árbres
Valere	Valère	NOMpro	Valere
Aquile	Aquile	NOMpro	Aquile
Aquarius	Aquarius	NOMpro	Aquarïus
Tholome	Tholomé	NOMpro	Tholomée
Tholome	Ptolémée	NOMpro	Tholomée
Suthwales	Sud+galles	NOMpro	Suthwales
Suthamtune	Southampton	NOMpro	Suthamtune
Bauduin	Baudouin	NOMpro	Bauduyn
Baugency	Baugency	NOMpro	Baugency
Beaumont	Beaumont	NOMpro	Beaumont
Theopithon	Théopiste	NOMpro	Theopithon
Sun	Sun	NOMpro	Sún
Gad	Gad	NOMpro	Gád
Valentin	Valentin	NOMpro	Valentin
Tholomes	Ptolémée	NOMpro	Tholomees
Armenie	Arménie	NOMpro	Arménie
Baudoin	Baudouin	NOMpro	Baudoÿn
Baudoin	Baudoin	NOMpro	Baudoÿn
Estevene	Etienne	NOMpro	Estevene
Tyr	Tyr	NOMpro	Týr
Noster	Noster	NOMpro	Noster
Noris	Noris	NOMpro	Norys
Norwiz	Norwich	NOMpro	Norwiz
Northwales	Nord+galles	NOMpro	Northwales
Ezechias	Ezechias	NOMpro	Ezechiás
Ezechias	Ézéchias	NOMpro	Ezechiás
Ninive	Ninive	NOMpro	Nínivé
Ninive	Ninive	NOMpro	Ninivé
Ezechie	Ézéchiel	NOMpro	Ezechie
Munda	Munda	NOMpro	Mundá
Ferrare	Ferrare	NOMpro	Ferrare
Nemi	Nemi	NOMpro	Nemy
Tolete	Tolete	NOMpro	Tolette
Ulises	Ulysse	NOMpro	Ulissés
Nazarenum	Nazareth	NOMpro	Nazarenum
Nathan	Nathan	NOMpro	Nathán
Mungyeu	Mont-Joux	NOMpro	Mungyeu
Fili	Fili	NOMpro	Filii
Palès	Palès	NOMpro	Palès
Ulisses	Ulysse	NOMpro	Ulissés
Omnia	Omnia	NOMpro	Omnia
Fili	Fili	NOMpro	Fili
